ID,Age,Income,Total_Spent,Total_Purchases,Family_Size,Childrens,Cluster
5524,59,58138,1617,25,1,0,3
2174,62,46344,27,6,3,2,2
4141,51,71613,776,21,2,0,0
6182,32,26646,53,8,3,1,2
5324,35,58293,422,19,3,1,3
7446,49,62513,716,22,3,1,0
965,45,55635,590,21,2,1,0
6177,31,33454,169,10,3,1,2
4855,42,30351,46,6,3,1,2
5899,66,5648,49,2,4,2,1
1994,33,42308,19,4,3,1,2
387,40,7500,61,6,2,0,1
2125,57,63033,1102,16,1,0,3
8180,64,59354,310,15,3,2,1
2569,29,17323,46,5,2,0,2
2114,70,82800,1315,26,1,0,0
9736,36,41850,96,9,4,2,1
4939,70,37760,317,13,2,0,2
6565,67,76995,1782,26,3,1,3
2278,31,33812,133,8,2,1,1
9360,34,37040,316,12,2,0,2
5376,37,2447,1730,43,3,1,0
1993,67,58607,972,17,3,1,3
4047,62,65324,544,20,3,1,0
1409,65,40689,444,20,3,1,3
7892,47,18589,75,8,1,0,1
2404,40,53359,257,14,4,2,2
5255,30,31159,637,27,2,1,0
9422,27,38360,131,9,3,1,2
1966,51,84618,1672,26,2,0,3
6864,27,10979,30,8,1,0,2
3033,53,38620,318,11,2,0,1
5710,46,40548,120,9,3,1,2
7373,64,46610,302,17,3,2,2
8755,70,68657,1196,18,2,0,0
10738,65,49389,65,6,3,2,1
4339,46,67353,913,28,3,1,0
10755,40,23718,81,9,3,1,1
8595,43,42429,67,7,2,1,1
2968,73,48948,902,24,1,0,3
8601,36,80011,1395,21,3,1,0
503,31,20559,53,7,3,1,1
8430,59,21994,22,4,3,1,2
7281,57,53411,186,9,1,0,1
2139,41,7500,31,8,3,1,2
1371,40,79941,984,16,1,0,3
9909,20,7500,122,10,2,0,2
7286,48,41728,55,5,3,1,1
7244,65,53472,124,10,4,3,1
6566,62,72550,1319,28,4,2,0
8614,59,65486,507,17,2,1,0
4114,52,79143,1693,29,2,0,0
1331,39,35790,72,7,2,1,1
2225,39,82582,1617,21,1,0,3
9381,38,66373,606,23,4,2,3
6260,61,82384,1957,27,2,0,3
10383,50,70287,1093,21,1,0,0
7437,28,27938,29,6,2,1,2
8557,34,45618,46,7,2,1,1
8375,48,55954,518,19,3,1,3
6853,34,75777,1438,21,1,0,0
3076,41,66653,612,22,4,2,0
1012,64,61823,884,24,2,1,0
6518,65,67680,606,19,2,1,0
4137,68,70666,1076,16,2,0,0
8082,45,25721,34,5,3,1,1
1386,49,32474,11,4,4,2,2
9369,37,88194,1274,32,2,1,0
4477,58,69096,653,18,3,1,0
1357,46,74854,1562,19,5,3,3
1402,62,66991,1253,21,2,0,0
10629,43,34210,109,9,3,1,2
6312,57,65031,863,30,3,1,0
8132,41,60631,661,24,4,2,3
1050,64,28332,65,8,2,0,1
5846,39,40246,13,4,2,1,1
1859,44,75251,1890,19,2,0,0
7503,40,75825,2209,22,1,0,0
10401,40,26326,18,4,2,0,2
1618,51,56046,692,21,2,0,0
3332,31,29760,165,12,2,1,1
2261,47,26304,16,4,3,1,2
5346,43,23559,79,9,3,1,1
535,29,81361,778,27,1,0,0
5268,56,29440,56,7,4,2,1
273,46,36138,151,13,4,2,2
4452,59,50388,372,17,2,1,2
8504,43,79593,1366,19,2,0,3
771,49,54178,194,10,3,1,1
8996,59,55337,603,29,5,3,0
9235,59,60037,18,4,3,2,2
5798,43,54859,985,15,2,0,3
11178,44,42394,32,5,2,1,1
2230,46,23626,43,10,3,1,1
7516,33,30096,45,6,3,1,2
7247,56,47916,606,22,2,1,3
11100,44,51813,63,7,3,2,2
4646,65,78497,978,25,2,0,0
3037,33,50150,410,16,2,0,2
1473,56,47823,72,7,2,1,2
1016,57,34554,55,7,2,1,2
4518,37,85693,1169,27,3,1,3
9370,71,65846,1120,16,2,0,3
8908,57,87195,1097,20,2,0,0
8373,37,24594,29,5,3,1,1
7533,52,49096,187,13,4,2,2
2683,47,52413,910,26,4,2,3
3629,38,38557,145,9,2,1,2
10991,56,89058,850,14,2,0,0
5077,37,77298,969,24,3,1,0
7431,25,68126,1820,17,1,0,0
3267,53,57288,608,20,3,1,0
999,25,86037,730,25,1,0,3
9215,36,43974,551,21,3,1,0
2286,54,50785,114,8,3,2,2
1592,46,90765,1724,15,2,0,0
367,38,36550,577,20,3,1,3
5234,49,30753,81,7,4,2,1
9862,47,21918,33,7,3,1,2
9805,63,56129,660,22,3,1,3
6205,49,32557,80,9,2,1,2
8442,31,19510,30,6,4,2,1
7386,40,30992,43,5,2,1,1
7215,33,101970,1135,27,1,0,3
1491,51,71488,559,16,2,0,1
11071,32,79607,1923,16,1,0,0
3381,63,54348,90,8,4,2,1
8268,55,60176,404,17,3,1,2
11051,60,77376,661,23,4,2,3
8026,64,62998,463,19,3,1,0
433,58,61331,632,23,3,2,0
9597,47,73448,725,19,2,0,0
1295,53,59759,725,19,3,1,3
5290,52,41551,279,16,4,2,1
1685,49,62981,1482,23,2,0,0
5342,40,9548,29,6,2,1,2
9579,57,33762,106,9,5,3,1
7660,43,35860,49,6,3,2,2
1461,51,36921,38,7,3,2,1
821,24,92859,2077,22,1,0,0
11084,40,65104,1053,17,3,1,0
8690,54,86111,1385,23,2,0,3
2937,42,68352,871,25,2,1,0
9701,28,41883,312,12,3,1,2
9949,40,59809,877,15,4,2,0
10837,41,23957,68,6,3,1,2
3120,35,38547,22,4,3,1,2
5885,43,35688,211,16,5,3,1
4050,50,49605,127,8,2,0,1
3830,63,59354,459,16,4,2,1
7987,47,65747,460,19,3,1,3
7798,44,46344,429,17,3,1,2
92,28,34176,89,11,2,1,2
7055,64,61010,1021,26,3,1,3
10240,67,69372,1381,21,2,0,0
3025,58,49967,306,15,2,1,2
9283,38,60199,18,4,4,3,2
9970,39,55375,162,9,3,1,2
2730,61,80317,1231,18,1,0,3
2795,58,30523,13,4,4,3,2
9260,71,70356,1706,27,2,0,0
8182,32,23228,121,11,3,1,1
10095,41,74165,1293,20,1,0,0
8475,43,157243,1608,37,3,1,3
4370,50,43482,88,9,5,3,1
10573,63,62551,421,18,1,0,0
3712,57,52332,259,12,1,0,1
6637,28,66951,1117,15,1,0,0
3152,59,26091,89,9,4,2,1
5610,51,33456,36,6,4,2,1
6460,34,28718,57,7,3,1,1
1349,46,50447,148,8,4,2,2
1880,57,53537,93,8,4,2,2
641,49,52074,119,7,2,1,1
8717,41,80427,1835,28,3,1,3
10314,68,83837,1318,25,2,0,3
10854,46,38853,45,7,4,2,1
10492,57,38285,10,4,5,3,1
7698,40,51650,191,10,3,1,1
3559,28,16248,57,9,3,1,1
10562,70,66835,1033,24,2,0,0
10796,32,30477,66,6,3,1,2
2563,55,28249,43,6,2,0,1
3518,33,25271,50,5,3,1,2
5823,46,32303,39,7,2,1,1
3934,50,61286,608,18,3,1,0
6982,40,74068,1581,24,2,0,0
6431,52,45759,68,7,4,2,2
9733,38,24882,80,5,3,1,1
5602,27,66973,1282,28,2,0,3
7829,116,36640,65,6,2,1,1
1324,28,38872,91,8,3,1,1
326,43,51148,315,16,4,2,2
7224,39,31353,31,6,4,2,2
6999,36,69661,834,23,2,0,3
9938,62,80067,1600,17,2,0,3
6422,62,86718,1270,17,2,0,0
3182,43,46854,263,15,3,2,1
7300,64,69142,535,19,2,1,3
10424,48,75922,1295,18,1,0,3
8727,38,63693,1150,29,2,1,3
2798,39,102160,1240,26,2,0,3
1030,51,40637,38,6,3,2,1
624,32,18890,35,4,1,0,2
5176,28,29604,53,5,3,1,1
5552,53,48721,293,17,3,2,1
868,50,44794,65,6,3,1,1
380,62,64497,1804,29,2,1,0
2677,60,46097,241,15,3,1,2
6521,62,77972,1101,20,2,0,0
6927,48,44377,264,19,4,2,1
2877,42,46014,541,26,4,2,0
0,31,70951,1198,17,2,0,3
1584,39,41443,482,20,3,1,3
7264,38,52195,17,4,4,3,2
6274,68,83790,1615,25,2,0,3
1377,62,44551,285,12,2,1,2
454,36,69508,1135,28,3,1,0
1755,28,45204,114,7,3,1,1
2075,47,72460,1047,16,2,0,3
4785,46,77622,714,22,4,2,0
9076,36,30732,185,13,3,1,2
7079,54,63887,1245,32,2,1,0
4653,38,42011,189,12,3,1,2
7375,40,51369,576,16,3,1,1
709,64,51537,1103,18,2,1,0
460,44,79930,1753,17,2,0,3
3726,30,34320,17,4,3,1,1
6798,50,37070,433,23,3,2,0
5341,54,81975,1588,14,2,1,0
1606,45,38590,22,4,3,1,1
9617,65,15033,19,5,1,0,2
3233,51,62745,1117,29,3,1,3
89,41,22212,69,8,3,1,2
2936,34,23661,23,5,3,1,2
9449,58,79761,605,19,2,1,0
7297,43,7500,57,11,2,1,1
11004,123,60182,22,4,2,1,2
313,48,73455,2088,22,1,0,3
9940,58,64961,1009,16,3,1,3
10735,45,22804,26,5,2,1,1
9529,26,73687,1627,22,2,0,0
6439,58,61074,1102,31,3,1,0
7411,52,31686,17,6,4,2,2
2176,44,80134,1690,16,3,1,0
9265,63,75027,1390,21,3,1,3
8867,28,67546,2126,20,2,0,3
8932,47,65176,1531,25,3,1,3
10236,41,31160,64,7,2,1,1
6340,31,29938,26,6,2,1,1
10089,42,102692,1112,29,1,0,0
2227,58,26490,210,11,2,0,1
10992,49,75702,1148,26,4,2,3
5304,42,30899,33,6,2,1,2
309,55,63342,1101,19,3,1,0
3406,52,45989,322,16,2,1,1
2661,52,18701,44,10,3,2,1
3153,59,40737,17,4,4,3,2
10264,37,15287,31,6,2,1,1
1184,48,69674,845,25,3,2,0
4200,46,44159,275,15,3,1,1
9396,38,37717,25,4,3,1,2
2387,64,43776,275,17,4,2,2
6690,50,38179,90,11,4,2,2
1225,53,80124,1495,19,2,0,0
9703,46,38097,184,11,4,2,1
291,46,72940,981,13,2,0,0
4557,46,22070,67,8,3,1,2
2379,63,69267,1635,14,1,0,0
5726,33,31788,60,10,2,1,2
3066,41,61905,231,12,3,1,2
6336,56,29315,48,10,4,2,1
10967,53,33378,99,9,3,2,2
2304,53,66313,770,23,3,1,3
3445,60,60714,957,23,1,0,3
7828,35,77882,818,12,2,0,2
3762,30,69867,925,17,1,0,0
4391,48,63841,908,22,2,1,3
4669,35,24480,102,10,3,1,2
1672,42,65640,461,15,3,1,1
8962,41,44319,37,7,4,2,2
9974,42,30631,70,7,3,1,1
10983,64,75278,930,23,2,0,0
8148,60,50898,859,33,4,2,3
10102,50,79946,1478,22,1,0,0
4697,67,35416,390,16,1,0,1
9262,32,32414,52,5,2,0,2
7254,47,38361,137,10,3,1,1
4543,36,82497,1919,19,2,0,0
4927,45,16626,68,9,4,2,1
10451,51,29672,25,4,4,2,2
2926,64,55951,1374,23,3,1,3
2874,28,35388,32,5,2,1,2
9738,30,42386,100,7,3,1,2
7119,34,68627,825,12,1,0,2
3924,51,57912,916,28,2,1,0
5827,58,35246,62,11,3,2,1
5596,60,58821,728,21,3,1,0
10812,38,46377,90,7,3,1,1
1717,28,39747,273,13,2,1,2
9491,32,23976,66,10,3,1,1
9274,55,80950,1213,23,2,0,0
6609,50,27038,107,7,1,0,1
6963,69,77457,1157,18,1,0,3
4440,52,64100,546,18,3,1,3
1379,24,42670,241,11,2,0,2
10032,40,12571,53,11,2,1,1
2826,49,22574,37,7,5,3,2
2437,27,42326,1611,24,2,0,3
6320,40,70893,1508,23,1,0,0
3050,50,54198,235,16,4,2,2
231,60,28839,32,7,4,2,1
2392,44,40321,102,8,4,2,1
9478,31,66503,401,15,2,1,2
113,65,30833,28,6,4,2,2
2863,46,50903,1052,21,4,3,3
1802,45,64795,680,21,3,1,0
520,42,34421,30,4,3,1,1
8275,51,47025,20,4,3,2,2
9750,55,64325,1307,23,2,1,0
2607,63,40464,630,24,2,1,3
7214,59,62187,1283,18,2,0,3
5835,40,14849,65,9,2,1,2
3896,32,27255,37,5,3,1,2
10350,66,54432,38,5,5,3,2
7786,30,29999,160,12,2,1,2
2861,33,24072,23,4,2,1,1
663,27,33996,71,6,1,0,2
10675,60,66334,1161,19,3,1,3
2521,45,35178,59,5,3,1,2
9592,33,22010,33,7,3,1,1
10151,56,62204,946,22,3,2,0
7381,48,75693,1442,22,1,0,0
4099,44,30675,62,5,3,1,2
9560,51,83003,1674,22,2,0,0
1150,117,83532,1853,15,2,0,0
10172,28,68655,1538,21,1,0,3
11191,30,41411,139,8,1,0,2
9707,47,55212,1182,20,3,1,3
6245,66,59292,507,18,3,1,3
8234,43,27190,18,4,3,1,2
1411,64,82623,940,16,1,0,3
8553,51,44300,42,6,4,2,1
1826,46,84835,1190,15,1,0,0
8842,45,30372,44,8,3,2,2
11030,40,33181,16,4,3,1,1
2579,59,71113,835,26,3,1,3
175,30,71952,1443,22,3,1,3
9185,50,69759,1029,18,1,0,0
11056,42,72099,1188,18,2,0,0
9365,40,60000,1277,24,2,1,3
6201,38,38643,49,7,3,2,2
2061,61,50737,99,7,3,1,1
6184,47,68462,1670,15,2,0,0
6142,73,65073,900,14,2,0,3
4107,68,46681,425,16,4,2,1
7274,59,78618,2153,22,2,0,3
9336,47,62187,636,21,2,1,0
2958,38,28442,57,10,4,2,1
5837,49,51479,494,22,4,2,3
10704,47,54803,693,19,2,1,3
5125,56,79530,1348,26,2,0,3
4432,40,31615,51,7,2,1,1
5955,54,72025,1932,16,2,0,0
2928,41,52614,990,16,2,1,3
5680,32,35684,30,5,3,1,1
10313,41,48178,254,16,4,2,1
2557,46,29548,29,5,2,1,1
1245,50,63810,1371,23,2,1,0
1519,44,38578,73,9,3,2,2
10703,41,46098,120,11,3,2,1
1726,46,22585,81,5,1,0,2
4459,27,30279,37,5,2,1,2
1729,55,66426,1377,20,3,1,0
1517,47,30822,51,5,2,1,1
2098,47,33581,17,4,4,2,2
9543,31,19986,22,4,3,1,1
6878,62,27421,324,14,1,0,2
2724,35,36143,19,4,2,1,2
948,45,10245,41,8,2,1,2
6720,48,43795,492,17,3,1,0
6202,56,63381,1005,26,3,1,3
2066,67,38823,114,7,3,1,1
9799,48,83664,1173,19,3,2,3
8318,37,90300,1738,19,2,0,0
5642,37,62499,222,12,3,1,2
2669,23,74293,1127,16,1,0,3
455,70,51012,209,10,2,0,1
7683,48,70777,787,23,3,1,3
3428,25,68682,1598,24,2,0,3
7414,45,43824,186,12,4,2,2
6354,32,15345,47,6,3,1,1
798,29,23442,27,5,2,1,1
8213,36,14515,96,11,3,1,1
2488,60,31395,64,10,3,2,1
9999,51,75276,1040,23,2,0,0
7617,42,42373,163,13,3,2,1
615,56,30507,343,11,2,0,2
2552,61,55521,446,24,4,3,0
194,51,48006,41,5,4,2,1
3645,44,27213,70,9,2,1,2
8890,45,65808,272,14,3,2,2
9973,53,50437,490,19,4,2,0
7301,34,23616,79,8,2,1,1
10882,40,53858,915,17,3,1,3
7030,61,66465,1485,35,3,1,0
7422,29,46923,369,16,2,1,1
3523,54,75072,1073,19,3,1,3
7106,73,75865,1242,19,2,0,3
6504,41,19789,78,9,3,1,2
5067,22,80134,1378,21,2,0,0
4216,35,91065,1474,26,1,0,0
8581,45,49505,751,29,4,2,0
5929,43,37401,48,7,3,1,2
6528,34,18492,10,4,3,1,1
1361,42,82584,1435,16,2,0,0
6932,75,93027,2119,22,2,0,3
7284,63,48686,20,4,5,3,2
1340,30,92910,1795,27,2,0,0
8746,27,75433,1188,19,3,1,0
5987,27,10404,43,7,3,1,1
3767,48,61314,1008,24,3,1,0
3725,55,84865,1688,16,1,0,0
4324,27,42387,684,21,3,1,0
238,49,67309,1082,39,4,2,3
6694,52,75236,1068,25,3,1,0
498,46,30015,57,7,2,1,2
9347,60,50943,46,5,3,1,2
9699,50,67272,733,23,2,1,0
10664,67,51529,467,17,2,1,2
5455,45,32011,122,10,3,1,1
456,30,7500,36,7,3,1,1
5012,27,28691,34,5,3,1,1
7495,68,56223,156,10,3,1,1
5029,70,18100,14,4,2,0,2
2106,42,20130,34,5,2,0,1
10364,57,23295,20,4,1,0,1
5954,44,42618,192,11,2,1,1
1137,52,81246,1379,17,1,0,3
2541,40,24027,48,7,3,1,2
1142,63,55707,428,16,3,1,1
2276,61,57959,868,27,2,1,3
2807,47,56796,1001,27,3,1,0
6471,45,36230,59,7,2,1,2
6131,36,70829,431,16,4,2,1
6233,40,65991,971,27,3,1,0
4148,44,38988,348,19,5,3,1
4947,50,89572,2059,24,1,0,0
3225,32,42207,265,14,3,1,1
7540,64,50300,270,13,3,1,1
10648,34,66664,1289,19,2,0,3
1992,52,60597,893,16,3,1,0
7851,67,70165,926,22,1,0,3
8594,58,50520,135,9,2,1,2
2815,41,33183,120,9,3,1,2
2416,47,66582,1288,20,1,0,3
7999,61,75261,1743,17,2,0,0
9213,46,31880,15,4,2,1,2
9697,65,53790,542,20,4,2,3
3916,45,49269,890,25,3,1,3
2021,41,61456,1388,33,3,1,0
1581,36,37406,17,4,3,1,2
564,35,56937,906,30,3,1,3
6619,38,38415,44,6,4,2,1
9081,28,20518,25,5,2,1,1
178,60,62503,973,26,3,1,0
916,44,41644,31,6,3,2,1
5512,39,55842,518,17,3,1,0
8970,44,62010,530,19,3,1,3
10581,39,41124,506,21,3,1,0
5300,43,38961,70,6,3,1,1
5154,44,37760,54,6,2,1,1
8346,42,32233,296,12,2,1,2
1676,41,43057,266,15,3,1,2
9286,56,83151,747,19,2,0,3
2426,52,78825,895,29,1,0,0
5562,42,60093,735,21,3,1,3
3436,47,14045,20,5,3,1,2
3921,64,28457,205,10,1,0,1
3403,58,78952,2092,21,3,1,0
22,40,46310,309,14,2,1,1
10965,61,76005,1722,22,2,0,3
9426,52,58308,900,15,2,1,3
6605,72,55614,682,20,1,0,3
3136,54,59432,663,22,2,1,3
8737,38,55563,43,6,2,1,2
11088,45,78642,1816,18,3,1,3
716,67,67911,976,27,3,1,3
466,72,65275,746,21,2,0,0
9135,66,27203,64,6,4,2,1
10623,55,48330,32,5,3,1,2
8151,26,24279,263,9,2,0,2
5140,31,64355,1445,21,3,1,3
4945,63,53653,1210,28,1,0,0
10584,40,65665,945,24,3,1,3
6071,27,81217,1157,22,1,0,3
3386,24,34935,137,8,2,0,1
8939,57,61250,730,25,2,1,0
9925,35,39665,216,12,3,1,1
4320,37,60152,943,23,2,1,0
5389,52,48920,347,16,4,2,1
6036,57,89120,1924,19,2,0,3
182,70,44124,397,17,3,1,1
203,41,81169,2089,22,1,0,3
11025,55,36443,138,11,4,2,2
10203,26,26095,42,5,2,1,1
4607,57,71367,777,17,2,0,0
3711,72,80184,1902,20,2,0,0
3696,51,30630,52,7,3,2,1
2532,29,73454,1651,13,1,0,3
9214,25,42691,358,13,2,0,2
4943,63,70503,1727,16,2,0,3
35,29,25545,210,10,3,1,2
2258,30,32880,42,5,3,1,1
4322,58,77863,1291,20,2,0,0
713,39,50353,442,15,2,0,1
4702,52,61839,1895,17,1,0,0
3281,56,49154,411,19,4,2,3
702,41,47682,521,19,2,1,3
2004,47,72679,1168,17,2,1,3
4769,39,57954,493,23,4,2,3
4437,54,65316,260,12,4,2,1
8724,34,28567,46,7,2,1,1
10741,65,47352,319,16,3,1,1
1991,49,44931,96,7,3,1,2
6931,49,76982,1062,16,1,0,0
11096,64,57247,232,12,3,1,1
304,35,22944,76,9,2,1,1
3665,39,25315,54,9,3,1,2
10591,47,43638,201,11,2,1,2
5036,32,42710,406,14,2,1,2
5547,34,84169,1919,20,2,0,0
7822,40,54058,662,20,3,1,3
8541,26,24683,41,8,3,1,1
10955,52,85620,1600,14,1,0,3
4368,36,47850,134,8,3,1,1
9671,48,19514,69,10,4,2,2
2256,43,27159,21,6,4,2,2
4279,53,39548,54,7,3,2,1
5371,27,21474,91,8,2,1,2
9240,45,60504,526,18,2,1,3
9460,53,22419,162,8,2,0,1
9504,67,81698,1008,25,2,0,0
8692,64,43462,240,16,4,2,1
448,38,54880,795,21,2,1,3
8314,34,79908,1772,19,2,0,0
8420,46,15315,64,8,2,0,2
3174,57,87771,1957,20,3,1,3
7685,38,33039,78,7,3,1,2
3179,36,81741,1572,19,1,0,3
9780,45,71499,795,26,3,1,0
10681,46,62466,889,26,3,1,0
10232,53,48799,331,15,2,1,2
4184,66,52157,265,12,3,1,2
9120,54,66565,1065,19,2,1,3
891,65,29298,11,4,4,2,1
10381,37,47691,21,4,2,1,2
3525,46,38200,17,4,4,2,2
6818,42,44989,369,16,3,1,2
3526,48,38443,38,6,4,2,1
8181,38,38593,177,11,2,1,2
1029,46,64413,279,12,3,1,2
7369,35,36959,62,7,3,1,1
2574,39,61996,1230,21,3,1,0
8159,48,51287,182,11,4,2,2
1160,46,13260,49,10,4,2,2
10242,50,47472,75,8,4,2,2
5253,60,54603,227,16,4,2,1
5966,42,45207,215,15,4,2,1
5081,49,47821,47,5,4,2,1
5123,65,27450,143,7,2,0,1
5756,33,39453,55,7,3,1,1
8036,45,26850,63,11,4,2,2
9058,61,79800,1867,22,1,0,3
5057,55,61794,611,20,3,1,3
254,61,53863,473,18,3,1,0
4179,57,24221,55,6,2,0,1
3710,32,39684,81,7,2,1,2
7627,41,92163,2086,21,2,0,0
4501,51,69882,1478,20,1,0,3
6424,39,33178,49,5,3,1,2
3075,44,59973,382,15,2,0,2
4992,41,17459,69,9,3,1,2
5252,47,23910,67,6,2,1,1
7444,47,42169,30,6,4,2,2
6919,38,26224,63,9,3,1,2
3537,35,31089,79,10,3,1,1
10277,55,30081,42,5,2,1,2
2453,56,62807,819,23,3,1,3
7972,61,72906,1151,17,1,0,3
895,68,61467,594,20,4,2,3
1177,50,49618,129,11,4,2,1
7141,30,21888,213,12,2,1,2
8477,60,26150,28,5,4,3,1
2457,41,30801,45,6,3,1,2
988,51,81168,1193,18,2,0,3
7930,47,26877,268,12,1,0,1
4587,72,45006,266,12,1,0,1
6682,43,18978,37,5,3,1,2
10299,47,48240,882,25,1,0,3
3083,42,45837,373,18,4,2,1
8953,51,35791,35,6,4,3,1
1503,40,162397,107,1,4,2,2
8650,38,54162,42,5,3,2,2
10862,56,30522,326,17,3,1,2
2782,55,54456,404,17,3,1,2
6941,45,31632,95,6,1,0,1
10972,67,72298,939,14,1,0,3
10708,38,36975,33,5,2,1,2
6583,61,72635,981,21,2,0,3
3641,40,13624,36,7,3,1,1
10156,41,84196,1237,20,2,1,3
4299,56,70971,1825,34,3,1,0
3469,39,34487,103,9,3,2,1
5063,39,28769,191,12,2,1,1
10727,46,69084,1586,25,3,1,0
9624,58,65488,963,14,2,0,0
4376,56,32218,93,7,1,0,2
8923,43,83917,1587,21,1,0,0
8461,54,46102,16,4,4,3,2
6945,64,84574,1375,32,1,0,3
944,54,56181,393,14,3,1,2
1907,66,63120,1477,26,2,1,3
701,45,73691,1179,18,3,1,3
4149,68,76140,1348,21,2,0,3
2131,57,62859,1307,23,2,1,0
2942,52,45906,486,15,2,1,2
1173,69,77632,2252,13,2,0,3
4381,45,46463,235,17,4,2,1
4611,46,105471,1724,30,2,0,0
3376,46,55282,235,11,2,1,2
4679,39,78710,1092,28,3,1,0
10928,58,66886,599,17,3,1,0
4248,56,98777,2008,19,1,0,0
6728,31,29103,48,6,3,1,2
6661,42,67445,1174,32,3,1,3
4725,66,50616,67,7,3,1,1
3277,61,49431,365,15,2,1,2
5555,41,153924,6,0,1,0,1
2564,63,61278,165,10,3,1,1
3867,69,73059,1095,26,3,1,0
6940,50,46734,223,12,4,3,1
55,53,56253,597,22,3,1,3
5084,41,58330,1064,24,2,1,3
1777,36,25965,74,6,2,0,2
8162,60,14661,26,5,2,0,1
10826,57,18690,60,5,2,0,1
8754,42,45068,20,4,3,1,2
1987,29,21063,59,7,2,1,2
11007,48,29187,34,5,3,1,2
7426,45,54690,198,12,4,2,1
9153,52,59304,1048,28,3,1,3
10379,54,59247,574,21,3,2,3
9204,46,66731,1029,17,2,1,0
3197,36,77353,670,20,3,1,0
6961,42,26751,11,4,4,2,2
4673,53,81300,1241,21,3,1,0
9937,37,70337,576,17,1,0,3
8779,31,36145,172,12,3,1,2
9596,36,65295,664,20,1,0,0
2891,53,68118,928,23,2,1,3
4910,49,68743,2074,30,1,0,3
75,34,41039,467,15,2,0,2
10120,61,38946,257,12,3,1,1
6327,49,65777,1146,17,2,0,3
10142,40,66476,689,20,2,1,3
9826,44,86857,2114,22,1,0,3
1501,34,160803,1717,44,2,0,0
10767,27,77845,1346,21,2,0,0
7279,47,69476,1044,15,2,0,0
7230,56,50611,493,22,2,1,3
143,46,61209,957,13,1,0,3
450,58,42315,270,12,3,1,1
9316,64,13084,29,5,2,0,2
6379,67,47570,121,9,3,2,2
9239,55,61923,126,8,4,2,1
8315,21,34824,23,4,1,0,1
2868,67,26518,57,8,3,2,2
10888,55,45938,636,20,1,0,0
1277,56,78468,1004,28,2,0,0
9977,43,78901,734,20,2,1,3
10196,38,71427,614,20,4,2,0
6384,38,71022,1453,21,2,1,0
8029,28,90247,1621,15,1,0,0
968,48,41335,187,12,2,1,2
4472,46,35682,57,6,2,1,2
6991,65,43185,637,20,2,1,3
3336,68,66375,948,14,3,1,3
1940,30,25252,18,4,3,1,2
1272,51,55250,903,26,2,1,0
1388,41,33249,112,8,2,1,2
1044,63,58398,596,20,2,0,0
6969,34,50272,233,13,3,1,1
10479,41,76618,1511,11,2,0,3
3619,56,87305,1152,17,1,0,0
1715,38,25851,48,7,3,1,2
10159,46,58710,1185,31,2,1,3
1463,58,45160,21,4,3,2,2
5114,51,74806,965,16,3,1,0
4990,62,59111,869,21,2,0,3
4329,32,18988,16,6,3,1,2
10936,51,72190,1947,16,2,0,3
4692,40,7500,71,12,3,1,2
6086,61,80395,1380,24,2,0,3
437,40,75012,1027,23,1,0,0
11171,51,56962,411,21,5,3,3
11101,25,89891,836,26,2,0,0
5329,67,35946,11,4,3,2,2
610,63,53593,480,23,4,2,3
5956,68,45072,284,16,4,3,1
10430,43,89694,1472,14,3,2,0
7875,67,72025,1677,26,2,0,0
7072,43,67432,1335,19,3,1,3
6255,64,70545,334,13,3,1,2
6516,27,17487,18,4,3,1,2
5564,47,62882,1338,20,3,1,0
5682,63,64108,1099,30,2,1,0
7458,60,34941,97,8,4,2,2
5237,66,48767,63,9,4,3,1
7761,38,38702,109,9,3,1,1
5278,52,82224,902,21,2,0,3
3560,64,83844,1574,20,2,0,3
7235,41,17003,38,9,3,1,2
10548,21,71163,960,24,1,0,0
2281,46,33697,28,4,2,1,2
4073,62,63564,1215,28,2,0,0
6974,44,83443,1497,22,2,0,3
7938,58,51518,449,17,3,1,1
3667,47,80952,1757,25,2,0,0
7723,37,75507,1440,21,2,0,3
3870,38,63855,1006,24,2,0,0
4012,44,62220,1226,23,3,1,3
5909,52,58512,1171,20,3,1,0
10470,37,40662,92,8,3,1,2
6488,57,38829,99,8,3,1,1
10270,35,35523,66,8,3,1,2
6887,49,79146,564,19,3,2,0
6406,28,78285,1427,21,2,0,0
7573,38,31626,86,6,2,1,2
4508,64,75127,833,19,1,0,3
221,61,48726,242,12,3,1,1
5331,39,74985,1869,17,2,0,0
1911,29,67430,1364,29,2,0,0
20,51,46891,183,8,3,1,1
8786,60,62058,450,18,3,1,3
10582,37,72063,758,21,3,1,0
1915,65,78939,1507,20,2,0,3
8897,51,42720,654,25,3,2,0
2371,44,33622,81,9,4,2,2
4303,59,6835,137,1,3,1,1
6825,63,41452,16,4,4,2,1
1072,51,40760,93,8,2,1,1
4964,58,74250,1158,18,2,0,3
2461,61,51124,43,6,3,2,1
10736,45,72258,1525,22,2,1,0
3194,42,71466,1230,19,1,0,3
10839,40,36283,29,6,4,2,2
49,46,20587,25,5,2,1,2
4290,44,30467,24,4,3,1,2
10219,44,31590,38,5,3,1,2
4211,30,20425,57,7,3,1,2
1135,56,17144,47,12,4,2,1
6299,48,42564,813,24,2,1,0
10846,38,43783,629,22,3,1,0
347,40,40780,377,17,2,1,2
6543,71,62847,1612,14,2,0,0
10446,59,82017,729,17,2,0,3
3479,66,16813,50,6,1,0,2
11075,38,51267,270,15,4,2,2
4442,55,46524,177,9,2,1,1
199,54,45183,315,13,1,0,2
6722,62,70421,767,23,3,1,3
796,51,60161,1071,26,2,1,0
3749,43,73926,1580,24,2,0,3
8523,48,19329,60,10,3,1,2
310,46,61872,573,21,3,1,3
8629,60,46984,41,5,3,2,1
236,65,34838,170,10,4,2,1
9930,72,82716,1167,28,1,0,0
3483,58,48192,1526,25,2,0,3
4599,40,49681,458,21,4,2,3
7326,45,56850,63,6,3,1,1
7352,59,55267,405,17,3,1,2
2350,44,59666,1027,20,4,2,3
9145,44,72504,1478,22,2,1,0
2964,35,26872,72,5,2,0,2
5585,44,21359,48,7,2,1,2
9687,41,73170,726,16,1,0,0
3732,61,52750,860,27,3,1,3
6303,30,91820,1497,22,2,0,3
11176,46,65968,495,18,3,1,0
2986,40,30772,20,4,4,2,1
7462,62,22507,570,19,1,0,3
3900,44,65685,769,21,3,1,3
7034,38,25804,55,7,3,1,2
9493,36,76412,1808,18,1,0,0
1143,44,22063,55,7,3,1,2
1,55,57091,577,18,1,0,0
5989,57,78353,1576,24,2,1,3
9499,62,93404,1616,17,5,3,3
6768,54,37859,36,6,4,3,1
2150,58,80995,1482,22,2,1,3
6646,32,16529,22,5,3,1,2
4887,40,55412,63,6,3,2,1
8560,24,48789,680,18,1,0,3
3321,49,56575,542,20,4,2,0
11003,36,25130,50,7,3,1,2
10402,49,35441,39,6,4,2,1
9904,60,71391,1043,28,3,1,3
6141,44,49494,385,14,2,1,2
5687,36,81702,1633,27,1,0,3
10856,36,45889,46,5,2,1,2
5121,39,56628,761,20,2,1,0
4186,66,34026,76,9,4,2,2
368,42,40049,290,14,3,1,1
3312,28,34176,89,11,2,1,2
11121,35,19419,70,11,3,1,1
5332,56,82504,1066,17,2,0,0
5848,46,81205,2009,19,2,0,0
10343,25,61618,1345,19,1,0,0
5935,60,55284,764,23,2,1,3
2895,53,49980,195,11,2,1,1
10262,36,15072,53,11,4,2,1
7848,42,49166,368,13,2,1,2
4856,59,82347,1853,25,2,0,0
7186,50,30843,35,6,4,2,2
5794,42,46374,446,18,3,1,0
1456,37,60474,1180,31,2,1,0
4877,43,38576,41,5,3,1,2
425,31,55357,727,22,4,2,3
3007,50,37758,40,6,4,2,2
1031,27,85710,1062,26,2,0,0
4297,47,23228,40,7,3,1,1
807,47,44602,292,17,4,2,2
9553,29,7500,15,4,2,0,1
4271,27,38683,341,17,3,1,1
4120,41,49514,369,13,2,1,1
2036,43,57906,401,17,3,1,2
115,50,43456,393,17,2,1,2
4259,30,19485,10,4,3,2,1
8687,38,53172,486,16,3,1,1
2447,37,30545,69,7,3,1,1
10140,33,70123,1727,17,2,0,0
9353,57,62450,995,16,2,1,3
3623,40,21675,45,10,3,1,1
738,35,42395,182,12,3,2,2
7631,38,61346,989,23,3,1,0
4789,63,80812,1677,18,2,0,3
773,45,42835,595,23,3,2,3
10602,33,39922,156,9,3,1,2
1446,60,86424,1226,28,1,0,0
3270,38,17117,128,11,3,1,1
8443,44,24762,86,9,2,1,2
9653,41,35797,68,7,3,1,2
8916,41,36627,16,4,3,2,1
8017,35,51111,55,7,4,2,1
4597,46,82072,2018,19,2,0,3
7023,63,46231,263,15,4,3,1
8086,57,42243,55,7,4,2,2
8825,54,51195,564,24,4,2,0
2930,38,68092,1281,20,1,0,0
1928,43,31814,83,7,3,1,1
7108,51,51390,353,18,3,2,1
10925,33,76630,1003,25,2,0,3
9960,25,26868,14,4,2,1,1
9224,44,55260,1139,25,2,1,3
5519,60,64090,797,20,3,1,0
5046,58,78331,1638,25,2,1,3
7037,42,37087,401,17,3,1,1
905,30,21846,84,11,2,1,2
8624,58,81320,928,18,2,0,3
8945,46,54137,203,11,2,1,2
6445,49,66825,858,16,2,0,3
2727,43,57100,409,13,2,0,2
6404,47,58917,282,16,5,3,2
11074,39,85072,1423,18,1,0,3
10150,55,86429,1449,18,1,0,0
1968,45,45684,28,4,2,1,2
6534,42,47889,67,6,3,1,1
9485,30,45921,199,10,2,0,2
7053,50,78420,1453,22,1,0,3
4654,24,75114,1253,19,2,0,0
9760,53,52278,1198,31,2,1,0
1048,44,35641,178,10,3,1,2
10619,22,95529,1990,18,1,0,0
9308,62,62820,976,14,2,0,3
10505,56,73113,1001,15,2,0,3
2625,62,42607,350,14,2,1,2
4637,62,74637,1650,25,1,0,3
9972,61,46015,46,5,4,2,2
4483,23,72354,1228,19,1,0,3
4487,47,39858,95,7,2,1,1
4988,68,34469,62,9,4,2,1
8931,30,83033,1761,26,3,1,3
5871,37,24401,467,16,2,0,1
2008,38,77583,1149,19,2,0,3
3139,34,74116,2052,19,1,0,3
10673,40,68397,1416,21,3,1,0
5303,42,79632,1113,20,2,0,0
538,27,46107,125,7,2,1,1
7922,65,64950,966,25,2,1,0
5692,27,25443,32,5,3,1,1
6383,45,32892,46,8,3,1,1
1628,45,71796,960,17,2,0,3
1204,46,67536,1829,30,3,1,0
3673,45,55239,779,26,2,1,3
760,41,60554,811,23,2,1,0
8957,64,64831,1120,22,3,2,3
4128,54,56067,725,20,3,1,3
6810,33,82025,1187,12,1,0,3
5386,63,94384,2302,18,2,0,3
8700,30,14906,66,9,1,0,1
3202,29,51563,1250,19,2,0,3
1328,34,57937,683,20,3,1,3
8405,37,68274,305,13,3,2,1
6515,39,39771,50,6,3,1,1
2882,41,67893,995,16,2,1,0
7574,37,27922,41,6,3,1,1
6387,40,52190,77,9,4,2,2
5320,43,44051,171,12,3,2,2
5048,45,42767,131,7,3,2,1
8146,40,46106,54,5,4,2,1
10031,40,16927,53,12,4,2,1
5748,51,59754,475,16,3,1,1
2134,64,53700,694,22,2,1,3
1523,43,59041,96,8,4,2,2
9665,59,54237,361,16,2,1,2
4640,49,70647,1079,26,2,1,3
3635,54,52597,578,20,2,1,3
3547,47,41021,64,7,3,1,2
2456,41,40233,149,13,3,1,1
5633,36,50183,231,17,4,2,2
7801,57,54753,728,21,3,1,3
10489,43,92955,1778,23,2,0,0
7011,43,33471,93,10,3,1,2
2620,42,34596,23,4,3,1,2
3933,36,44010,662,24,3,1,0
10981,28,84219,1198,18,2,0,0
1734,48,40706,81,11,5,3,2
10995,28,15716,92,10,3,1,2
6357,57,59052,491,18,2,1,0
9209,45,80573,1564,24,2,0,3
10286,54,83715,926,24,2,0,0
2611,57,82576,1910,19,2,0,3
3308,64,35704,94,9,4,2,1
5407,62,53103,1085,28,3,1,3
2166,56,46779,23,4,3,2,1
3955,51,4861,6,0,1,0,2
6634,37,33462,54,6,2,1,1
5718,66,80763,1415,23,2,0,0
6872,42,65352,405,16,3,1,2
8164,38,82170,1908,19,2,0,0
4580,47,75759,2486,26,2,0,0
9305,40,79689,1315,27,1,0,3
453,60,35340,45,7,3,2,2
8545,62,85683,1789,17,1,0,0
9850,44,24884,19,4,3,1,2
7378,35,42021,573,22,3,1,0
7646,27,64449,805,24,2,1,3
1640,62,64587,108,8,3,2,2
8492,38,75437,1493,23,2,0,0
1212,43,52845,936,25,3,1,0
9097,60,46086,343,16,2,1,2
10473,60,78028,528,20,2,1,0
7962,29,95169,1901,12,1,0,0
9984,35,56337,724,22,4,2,0
5527,29,22434,58,7,3,1,2
6374,62,36930,297,16,3,1,1
7453,62,36130,488,21,2,1,0
8952,63,65569,859,23,3,1,3
6119,53,36736,17,4,3,2,1
5236,37,77568,2194,21,3,1,0
5723,40,49187,116,8,3,1,1
1710,38,30168,279,18,2,1,1
1970,48,34053,103,7,3,1,2
5313,45,38196,44,9,4,2,2
10634,65,59412,406,15,2,0,1
7010,51,70924,1363,20,2,0,0
8562,47,54165,236,11,2,0,1
3158,43,32300,39,5,3,1,2
4436,40,20180,137,8,1,0,2
5287,43,34961,79,10,3,1,1
2445,42,28440,63,6,3,1,1
6059,63,64504,1314,25,5,3,3
4550,50,33564,71,6,3,1,1
4240,38,17345,58,7,3,1,1
8911,49,56320,702,21,3,1,0
3706,38,28647,94,7,2,1,1
3628,29,15038,80,7,2,1,1
10175,58,32173,22,5,2,1,2
8985,52,68316,1211,32,3,1,3
5204,45,74538,1461,22,2,0,0
9220,45,91700,1968,20,1,0,3
9888,47,68695,1091,16,2,0,0
5263,39,31056,55,5,3,1,1
9503,36,28071,313,13,1,0,1
10613,58,37334,62,11,4,2,2
67,44,46423,92,9,3,2,2
6019,45,37126,72,6,3,1,2
5863,63,47703,655,21,3,1,3
3717,57,61180,704,18,3,1,3
6730,62,38998,54,8,4,2,1
10749,25,8028,178,16,1,0,1
4998,54,76081,1033,14,2,0,3
6287,30,34728,36,5,3,1,2
5985,51,33168,122,10,2,1,2
4754,50,33585,122,7,3,1,1
4002,56,77037,1123,27,3,1,0
8870,32,35196,497,18,3,1,3
966,50,44529,691,25,3,1,3
9725,50,28764,12,4,4,2,2
4475,67,69098,2440,25,2,0,3
5740,46,25959,56,7,3,2,2
5731,33,27100,37,5,3,1,1
7290,31,70596,968,21,1,0,3
3846,42,42557,270,15,3,1,1
8104,65,53312,278,12,2,0,2
4507,64,72228,1250,22,1,0,3
11013,29,67605,938,17,2,0,3
4491,67,62845,1178,28,4,2,0
3759,58,65196,1155,26,4,2,0
1162,29,42000,653,20,1,0,0
2055,43,35860,49,6,3,2,2
10766,52,65526,506,17,3,1,0
4415,55,16860,38,8,4,2,2
3005,24,83528,1650,23,1,0,0
2223,51,64176,1826,33,2,1,3
4817,60,22304,18,4,1,0,1
2875,38,67023,906,24,2,0,3
11112,50,70713,1477,25,3,1,0
3807,61,59925,766,23,3,1,3
9197,63,39722,47,7,3,1,1
10832,58,46610,467,14,2,0,2
6421,55,88347,2116,21,2,0,0
4207,35,87171,1298,25,2,0,0
577,40,26907,22,6,4,2,2
10855,48,50014,396,15,2,1,2
3081,38,41014,20,4,3,1,1
3535,51,66294,967,13,1,0,3
247,45,36715,357,19,3,1,0
8707,60,79456,1401,16,2,0,0
9523,34,40479,15,4,3,1,1
6072,46,75345,2087,20,1,0,0
6295,39,54233,981,26,3,1,0
10914,46,24163,17,6,3,2,2
1509,58,84460,523,22,2,0,3
5577,33,43776,23,4,3,1,1
7348,58,71691,1192,17,1,0,0
1127,43,85844,1958,20,2,0,3
1833,42,39190,133,9,2,1,1
6466,51,57236,121,10,4,2,2
9964,37,61825,424,15,2,1,1
4790,58,79803,868,13,2,1,3
10245,30,80910,756,15,1,0,3
1109,34,27590,12,4,3,1,2
6001,37,56775,937,25,3,1,3
5538,41,83829,1862,17,1,0,3
10552,37,54210,367,14,3,1,2
1545,30,38508,443,20,3,1,3
7409,46,53187,267,13,3,1,1
4444,44,30023,61,6,3,1,2
146,56,76045,1323,21,1,0,3
6271,64,50870,63,6,3,1,2
4741,42,65463,562,19,3,1,0
246,51,66480,312,19,4,2,1
375,62,76773,1156,16,1,0,3
1524,33,81698,1104,16,1,0,0
10022,43,54466,16,4,3,2,1
11010,32,16269,44,9,2,1,1
4356,45,71819,1574,14,3,1,3
3885,33,33569,63,5,3,1,2
1175,33,36262,426,12,2,0,2
880,50,22634,96,6,2,0,2
2320,38,47025,635,23,3,1,3
850,48,70566,757,22,2,1,0
4713,37,31605,125,9,3,1,2
675,43,52034,332,16,3,2,1
5025,37,48526,135,8,2,1,2
2308,62,46734,330,14,3,1,2
5995,54,39552,384,20,3,2,3
6749,50,86358,1722,18,3,2,3
1010,39,46931,78,7,5,3,1
8977,31,16581,24,4,1,0,1
4756,64,63998,1168,25,1,0,0
3412,65,67381,957,17,3,1,3
606,49,25930,15,4,3,2,1
5961,38,42693,57,5,3,1,2
2975,40,85606,1956,24,3,1,3
2894,31,72903,2013,21,1,0,3
7613,42,49669,326,14,3,1,1
10542,48,36778,77,9,4,2,1
8015,54,85696,1313,20,1,0,3
11166,55,49678,315,14,3,1,1
523,27,37155,74,7,3,1,1
4066,38,21282,46,7,2,1,1
8414,54,33419,86,8,2,1,1
819,71,63285,1103,25,1,0,3
4961,42,21255,61,11,3,1,1
749,35,42162,145,9,3,1,2
5430,60,54450,684,31,4,2,0
7755,62,57744,411,16,3,1,1
10525,30,26576,27,4,2,1,2
1453,73,57513,1060,27,1,0,3
8310,52,68142,1459,24,3,1,3
10710,37,7500,18,4,3,1,1
5031,42,83145,1833,26,2,0,0
2613,56,54197,237,12,3,1,2
213,53,23091,48,10,3,2,1
967,40,46049,515,26,4,2,0
1077,42,56715,1020,15,2,0,3
7959,55,79410,1370,11,2,0,0
640,65,57304,1026,25,3,1,3
4252,51,44375,301,12,3,1,1
6218,51,59594,499,17,3,1,1
6905,22,80685,1004,21,2,0,3
5922,42,40344,218,12,3,1,2
3598,44,62710,606,22,3,1,3
6116,48,48985,75,6,3,1,2
6263,48,35322,106,9,5,3,2
10486,68,77142,990,17,2,0,3
2410,47,81657,1097,16,1,0,3
193,20,14421,16,4,2,0,1
8278,26,74214,1711,16,2,0,0
10660,59,66726,438,17,4,2,1
8686,37,23724,75,7,3,1,1
1604,56,47353,225,13,3,1,1
5907,64,33444,18,4,4,2,2
10669,35,54386,470,17,3,1,0
2918,35,28510,91,9,3,2,1
5735,25,90638,2525,18,1,0,0
359,66,48070,504,19,3,1,0
8387,59,43140,235,11,3,1,1
1829,55,54959,1232,21,2,1,3
3839,58,15056,88,12,3,2,1
9392,45,26954,17,4,2,1,2
2292,31,22327,24,5,2,1,1
10466,51,44393,60,7,4,2,1
9855,64,62000,1020,26,2,1,0
4088,54,31497,155,10,3,1,2
5231,42,45894,51,5,4,2,2
590,46,78579,1812,16,1,0,0
8732,47,67369,1461,25,2,1,3
2315,56,58401,96,6,2,1,1
3515,64,62307,160,9,2,1,1
2245,47,43641,139,10,4,2,1
6606,47,70091,1161,19,3,1,0
5545,44,78075,988,14,2,0,3
7342,55,59184,1072,27,2,1,0
837,39,54809,174,12,4,2,2
9500,57,58113,758,22,3,1,3
3602,58,51412,195,11,3,1,2
2995,59,66636,1084,17,2,0,3
1118,60,50965,685,22,3,1,3
3068,26,18351,43,6,2,0,2
8955,59,40451,49,5,4,2,1
945,51,36317,133,9,3,1,1
5644,59,42213,363,15,3,1,1
7192,61,65748,545,18,3,1,3
2324,44,77044,1065,31,3,1,0
697,47,74918,2047,21,2,0,3
3439,44,56721,296,15,4,2,1
1506,41,42160,140,11,3,2,2
232,51,61559,530,17,2,1,0
8876,53,33629,152,13,4,2,2
9739,53,34377,114,8,2,1,1
10395,30,8940,101,10,2,1,2
1176,43,26228,25,4,3,1,2
1627,59,77297,789,22,1,0,3
938,35,40211,87,7,4,2,2
2740,58,33438,90,11,3,2,1
257,57,75032,1215,20,3,1,3
4058,61,61284,811,22,1,0,3
7736,30,22518,61,7,3,1,2
8210,41,54730,405,18,3,1,1
833,61,38452,72,9,4,2,1
6230,45,44421,189,14,3,2,1
7325,30,38197,40,5,3,1,1
1307,38,41986,63,10,2,1,2
1502,33,28427,52,7,3,1,1
6211,40,37395,39,5,3,1,2
843,45,64722,805,25,3,1,0
4174,60,55249,130,8,3,1,1
9757,44,84906,1631,24,2,0,3
286,64,44213,152,12,3,2,2
11086,32,25707,21,5,2,1,2
1921,49,59062,71,7,5,3,1
4138,54,76624,899,23,2,1,3
7718,69,66000,711,10,2,0,2
1291,38,27683,351,16,3,1,1
6862,45,1730,8,15,1,0,1
4136,24,7500,119,11,2,1,1
803,48,40521,21,4,4,2,1
4298,43,20427,10,4,3,1,1
10833,41,65106,973,27,3,1,3
9606,51,69969,1536,13,2,0,3
8534,64,67433,992,28,4,2,3
5153,49,77766,1529,34,3,1,3
961,44,74716,860,17,3,1,3
6653,46,55158,418,18,4,2,1
9094,61,62972,587,16,3,1,0
810,41,74190,641,19,3,1,0
5493,40,39356,23,4,4,2,2
2147,47,76653,2279,23,2,0,3
3979,33,90687,1779,17,1,0,3
6049,34,73450,1804,27,2,0,3
8147,56,31454,48,8,4,2,2
1857,64,47139,83,7,3,2,2
5207,53,53378,793,29,4,2,0
11114,46,19656,84,9,3,1,1
5429,68,45579,183,10,3,1,2
9400,58,85485,1383,19,1,0,3
1740,72,55956,999,16,2,0,0
7488,53,64191,825,24,2,1,0
195,44,38808,246,14,2,1,2
635,50,57183,610,25,4,2,3
7527,48,23748,76,9,2,1,1
10319,45,66303,1286,22,3,1,3
2296,41,37368,30,4,3,1,2
10637,52,40800,99,8,5,3,1
2931,38,71847,1192,22,1,0,3
907,41,46149,362,18,3,1,2
3698,33,78687,2130,19,2,0,0
9516,45,49118,1229,28,1,0,3
679,59,37633,38,6,4,2,2
7384,65,39767,485,17,2,0,0
5043,65,26997,434,13,2,0,1
5267,46,33986,44,5,2,1,2
339,44,57091,496,18,3,1,3
2516,47,46831,78,7,4,2,1
9010,44,83151,2346,23,2,0,3
378,45,52531,794,21,2,0,3
4808,60,15759,17,4,2,0,2
7628,43,43050,76,8,3,1,2
7128,39,42997,15,4,3,2,1
2811,53,48918,62,7,3,2,2
3551,62,60033,198,10,3,1,2
1663,38,34043,49,5,3,1,1
5543,50,57811,802,25,3,1,0
1577,70,78569,1736,15,2,0,0
10641,38,7500,57,10,3,2,2
5336,45,157733,59,2,3,1,2
1878,31,23148,37,6,2,0,1
3099,46,44267,310,16,3,2,2
6055,37,71626,1305,19,2,0,3
5841,50,60894,832,26,3,1,3
3972,40,50200,401,19,4,2,3
4394,51,81051,1501,23,2,0,0
5758,34,65169,1189,28,2,0,0
6658,44,59868,1194,32,3,1,0
4603,56,65695,656,21,3,1,3
8427,60,64857,1540,23,1,0,3
10260,51,45143,311,15,3,1,1
7143,61,74805,820,26,3,1,0
8789,27,59060,274,14,3,1,1
6197,54,27238,57,9,3,2,2
4554,51,47009,448,17,3,1,1
4937,43,46094,44,5,4,2,1
8749,32,37235,61,5,3,1,1
1650,56,81843,1643,27,2,0,0
10377,58,46692,397,15,3,1,2
9206,48,77382,1121,26,3,1,0
10971,39,37774,473,16,3,2,2
6398,42,18393,50,8,3,1,2
9212,54,72828,1678,28,3,1,0
7937,34,24711,58,7,2,0,1
839,41,45503,170,9,3,1,1
4246,34,6560,373,2,1,0,2
158,71,71604,1196,17,2,0,0
4832,37,27244,101,8,3,1,1
5621,47,48752,316,17,4,2,2
1945,54,71434,1400,21,3,1,0
5147,68,90842,1424,27,1,0,3
2535,38,88097,844,20,3,1,0
11039,41,51948,311,13,3,1,1
9495,34,71853,1149,17,2,0,0
9635,33,35876,129,8,2,0,2
2173,64,40049,32,5,2,1,2
942,34,39660,299,14,2,1,2
9386,54,50127,320,13,3,1,1
5510,39,43263,441,16,3,1,2
2253,26,18929,85,6,2,0,2
5181,34,24367,24,4,2,1,1
10390,57,26887,30,5,3,1,2
7793,40,62061,800,24,3,1,0
10590,60,76542,1483,23,2,0,3
5080,23,70515,1258,17,1,0,0
8369,29,18227,28,4,3,1,2
5232,51,69139,227,11,3,1,2
2407,34,69109,1555,20,2,0,0
3834,54,69627,861,23,2,1,0
7912,38,38136,103,8,3,1,1
7712,70,62159,634,19,1,0,3
1065,53,80695,1918,19,1,0,3
7275,45,33316,131,10,3,2,2
1343,48,58554,586,22,4,2,3
1384,24,17256,62,7,3,1,2
9967,42,53034,447,22,3,2,0
6181,66,52203,939,27,2,0,0
10507,39,59601,797,15,2,1,0
2674,58,75154,1143,16,2,1,3
2698,40,47025,415,17,2,1,1
3231,43,37971,30,5,3,1,1
10476,58,67267,251,11,3,1,2
5948,41,57338,237,12,2,1,1
9140,56,50523,91,8,4,2,1
4743,47,56242,971,28,3,1,3
8805,56,48904,371,17,2,1,2
1542,41,56243,396,20,4,3,0
6770,31,21355,68,7,3,1,2
8773,45,57420,322,15,3,1,2
10475,46,58673,317,14,3,1,2
10420,61,46390,222,10,2,1,1
7514,60,54342,177,12,4,2,1
2902,58,60185,45,5,4,2,1
4345,52,41713,21,4,3,2,2
793,43,20895,45,6,3,1,2
10909,68,92344,1899,20,2,0,0
3769,44,57739,42,5,3,1,2
4791,36,44964,41,5,4,2,2
8216,44,53761,325,17,4,2,2
8140,43,22682,95,10,3,1,1
10146,44,38887,42,5,3,1,2
5289,41,41658,72,6,3,2,2
2587,44,29791,20,7,3,1,2
4405,60,63915,789,23,4,2,0
8663,42,39996,15,4,3,2,1
2589,44,26759,59,8,2,1,1
10490,47,51039,417,14,4,2,2
4094,55,60544,289,15,4,2,1
2534,63,37716,188,10,3,1,2
4188,59,36864,354,14,2,1,1
6613,46,44511,727,26,3,1,0
10827,49,36947,146,11,4,2,2
8402,63,67087,794,22,3,1,0
8783,66,57045,454,18,3,1,0
10010,63,36957,152,11,3,2,2
618,39,69389,797,22,3,1,0
361,47,43142,20,4,4,2,1
4310,72,80589,1428,21,2,0,0
2678,26,34412,209,11,2,1,1
6376,37,57537,545,19,2,1,3
10341,68,51315,222,10,2,0,2
5654,44,36026,61,7,5,3,2
4098,43,24639,44,9,4,2,2
5824,44,34578,8,4,5,3,2
7000,44,65704,817,23,1,0,0
5229,47,54132,42,5,3,1,1
2428,46,28164,78,9,3,1,2
2836,44,43269,19,4,3,1,1
8418,58,38741,61,7,3,2,1
1362,44,31907,449,14,1,0,1
10033,43,31163,38,5,2,1,1
9349,31,92533,1131,23,2,0,3
274,43,34853,34,7,3,2,1
3388,49,70844,294,17,3,2,2
922,37,31086,48,6,4,2,1
2518,30,20491,30,4,2,0,2
574,52,42523,125,7,2,0,1
5967,64,33402,70,9,4,2,1
1183,67,36408,22,4,4,2,2
6856,37,21645,65,9,3,1,1
4530,68,78427,1930,23,1,0,0
1553,70,82657,2283,23,2,0,3
4682,58,51876,310,13,2,0,1
8204,45,78041,1319,18,2,0,3
5221,59,52852,879,26,3,1,3
1232,34,70038,1244,17,2,0,3
1927,43,69401,690,17,3,1,0
5788,44,46053,209,12,3,1,2
6652,51,77343,1134,17,2,0,0
6246,63,73892,1507,23,1,0,0
5975,49,40304,57,6,2,1,1
6875,51,32727,529,17,2,0,0
4042,45,43300,180,11,2,1,1
2157,44,26290,77,10,4,2,2
10133,46,93790,2349,25,1,0,0
2525,42,38410,534,18,2,0,3
8233,66,64866,556,21,2,1,0
9483,57,57957,637,25,3,1,0
10403,38,16531,44,9,3,1,2
5074,30,28072,47,5,3,1,2
10524,53,49476,795,22,2,1,0
4690,63,50725,586,21,3,1,0
7196,66,41145,13,4,4,2,2
4406,46,67419,1471,25,3,1,0
9672,46,23162,65,8,4,2,1
4864,39,34380,175,12,3,1,1
4706,50,34704,40,5,2,1,1
4070,47,94871,1078,18,4,2,3
25,58,65148,1115,21,3,1,0
3697,62,39898,134,9,3,1,2
4220,46,59892,87,7,3,1,2
5286,29,41020,217,10,1,0,1
9559,55,57072,1034,27,3,1,3
3102,35,19414,32,5,3,1,2
5868,36,19107,46,6,3,1,2
8370,40,75484,1159,18,3,1,3
9988,40,70379,860,25,2,1,3
2939,46,79419,1631,15,2,0,3
5529,70,64014,444,22,5,3,3
9743,61,76998,1910,29,3,1,3
5763,44,49854,380,18,3,1,1
3478,45,60585,736,30,4,2,0
7494,66,42873,269,15,3,2,2
1763,28,87679,2524,29,2,0,3
7250,38,57867,612,25,3,1,0
2005,26,35765,75,8,3,1,1
10770,57,65492,1045,26,2,0,3
6885,39,32952,55,6,2,1,2
2072,47,53374,1064,21,3,1,0
9463,57,71706,1443,25,3,1,0
6318,28,68487,1366,30,2,0,0
4093,41,53253,436,19,4,2,3
3340,39,42014,436,20,3,1,3
3594,43,54108,747,32,4,2,3
3584,61,49667,1396,22,1,0,0
3643,42,63206,928,14,2,0,3
851,44,57136,642,26,4,2,0
7706,41,46772,1048,30,3,1,3
3967,45,78931,943,24,2,0,0
10128,58,53977,907,27,3,1,0
9451,51,73538,1658,26,3,1,3
9264,30,79529,1638,22,2,0,0
3865,39,20981,73,7,2,0,2
2853,36,51766,275,12,2,1,1
1490,54,55759,854,26,3,1,3
10380,44,37787,106,7,3,1,1
3887,46,27242,106,7,2,1,2
4278,33,87188,1923,19,1,0,3
8643,45,69930,1662,22,2,0,0
1998,40,37697,84,7,2,1,1
11110,43,3502,5,0,2,1,1
2408,40,58597,733,32,4,2,0
202,68,82032,1234,17,1,0,3
7998,58,28087,112,9,4,2,1
830,29,74004,1658,15,1,0,0
3536,56,19740,55,7,3,1,1
6050,41,57036,1513,26,3,1,0
125,58,53083,271,17,4,2,1
3463,41,69283,904,27,3,1,0
3745,28,23331,103,8,3,1,1
9771,28,23331,269,17,2,1,1
451,27,9255,22,5,2,1,1
10530,57,67786,1156,16,1,0,0
1079,45,71969,1086,19,3,1,3
8920,49,59235,1128,28,2,1,0
6678,27,31928,72,9,3,1,2
3852,55,74881,964,27,4,2,0
528,38,65819,1383,20,2,0,3
73,63,51411,18,4,4,3,1
5589,52,51983,793,24,2,1,3
6365,29,30390,80,6,2,0,2
5636,53,30983,167,8,1,0,1
591,59,66033,677,20,2,1,3
2217,41,37284,23,4,4,2,2
2544,65,57530,92,7,2,1,1
7725,51,76800,641,16,2,0,0
8091,60,63943,1106,17,3,1,3
7791,49,37054,25,6,4,2,1
955,54,47175,240,17,4,2,1
4037,40,31859,20,4,2,1,1
6642,55,27215,102,11,4,3,1
2793,40,70179,1034,26,2,1,0
9530,28,24645,17,4,3,1,2
4828,62,79865,792,21,2,1,0
10699,31,44322,92,8,3,1,2
1497,64,47958,407,16,2,1,2
7476,52,63972,1269,23,2,1,3
4390,62,75315,841,23,3,1,0
10478,66,55517,633,23,4,2,3
1081,59,75283,1019,25,5,3,0
8135,30,27161,52,5,3,1,2
4967,56,38201,268,15,3,1,2
2130,34,45203,147,8,4,2,2
9298,69,81574,1798,18,2,0,3
6257,40,60482,507,17,2,1,1
3790,60,34633,15,4,5,3,2
9952,69,78093,1105,17,2,0,3
3503,66,82460,974,15,1,0,3
5223,50,45903,66,8,3,1,1
4764,64,40442,169,12,4,2,1
2471,51,61482,299,12,2,0,2
5892,36,34968,221,17,3,1,2
2612,29,75794,1682,25,2,0,0
5185,61,74268,892,13,2,0,3
10069,28,13724,58,5,3,1,2
1131,49,52569,95,7,2,1,1
1041,43,48432,424,19,2,1,0
3409,32,36108,339,15,2,1,1
7022,45,76445,1410,21,3,1,0
7943,41,36663,35,6,3,1,2
5272,51,53843,562,20,3,1,3
5453,60,90226,2352,24,2,0,0
2565,61,70638,1334,20,1,0,3
800,56,44512,32,6,4,2,1
11092,55,27116,41,7,4,2,1
5062,53,54072,39,5,4,2,1
8969,39,71855,1141,25,3,1,3
4656,26,51250,710,24,2,1,0
4480,43,60432,401,19,3,1,3
1773,38,12393,57,6,2,0,2
9242,26,64509,1722,19,1,0,0
1764,41,33955,270,15,2,1,1
10099,32,55434,882,24,3,1,0
5423,33,28359,16,4,3,1,2
940,29,57100,311,14,2,1,2
3298,60,52973,1152,31,3,1,3
8286,51,51717,122,8,3,1,1
9668,45,18793,77,9,3,1,2
6097,57,50664,561,24,3,2,3
7019,53,54414,211,13,4,2,2
7408,64,54549,233,12,3,1,2
8041,45,47111,1092,21,2,1,0
252,53,41003,601,17,1,0,0
9986,34,19444,54,10,3,1,2
3276,40,36301,78,7,3,1,1
3570,47,42731,244,13,3,1,1
3783,57,52854,116,9,4,2,2
10207,38,22775,15,4,3,1,2
3427,61,59821,734,26,3,1,0
5209,62,50002,638,19,2,1,0
10711,71,69755,894,22,2,0,0
10785,47,44078,41,7,4,2,2
2814,40,30560,31,5,3,1,2
6866,47,35924,34,5,4,2,1
1665,52,64140,1750,18,3,2,3
6575,35,56386,612,25,4,2,3
3091,35,75774,823,21,3,1,0
10141,56,39228,20,4,1,0,2
5177,42,58494,396,16,3,1,1
7005,35,58684,813,21,1,0,3
6409,49,57136,1179,20,1,0,0
7485,66,56551,138,10,3,2,2
8079,34,22448,55,9,3,1,1
8395,55,82014,1511,22,1,0,3
10352,53,34213,117,9,3,2,2
4931,39,157146,1730,28,2,0,0
13,69,25358,32,6,2,1,1
1834,38,35544,67,6,2,1,1
2285,62,36634,335,15,3,1,2
2295,62,62670,825,22,3,1,3
1378,44,50334,694,23,3,1,0
2781,35,72066,1792,17,1,0,3
1165,58,50729,496,24,3,2,3
1404,48,34916,231,13,4,2,1
6457,40,64892,902,24,2,1,3
2639,50,43602,68,9,3,2,2
6437,31,41473,76,6,2,1,1
6912,49,63246,772,22,4,2,3
7327,57,36732,47,9,4,2,1
8143,31,37929,265,13,1,0,2
1964,65,86610,1603,18,2,0,3
3690,30,80141,2091,22,2,0,0
3389,46,69016,1533,34,3,1,3
4712,25,20193,82,7,2,0,2
1170,41,27573,244,14,3,1,2
6347,37,15862,36,5,2,1,2
4065,40,49544,404,16,3,1,2
8230,36,33228,71,6,3,1,2
1215,38,70440,1572,23,2,0,3
5939,45,38232,122,11,4,2,1
2156,61,22554,41,10,4,2,2
7788,33,23536,10,4,3,1,1
10323,64,49413,304,13,3,1,1
7947,47,42231,37,5,4,2,1
1891,36,78789,1754,16,1,0,0
2570,48,56534,815,25,3,1,0
9256,45,58350,1001,27,2,1,0
7397,65,49090,688,21,2,1,0
6349,29,61787,1319,19,1,0,3
10790,31,18169,21,4,3,1,2
10398,35,24336,31,4,2,1,1
2431,26,18222,67,6,2,0,1
550,64,62335,708,21,2,1,3
1890,45,42033,25,4,4,2,1
10742,33,86580,746,11,2,0,1
10356,59,41437,32,5,3,2,2
4676,65,73705,1695,25,3,2,3
8852,40,61064,1080,28,3,1,3
5294,27,18358,57,10,2,1,2
1958,43,55012,660,25,3,1,3
7349,43,9722,103,11,3,1,2
8799,32,38175,153,11,3,1,2
1351,60,58656,1220,32,3,1,0
1045,51,52117,279,13,3,1,1
7732,38,64813,745,20,3,1,3
8070,43,54222,264,12,3,1,1
477,30,83512,2157,22,2,0,0
7832,57,77520,1526,23,3,1,0
2202,38,41154,69,6,3,1,1
7396,50,80398,1597,26,2,0,3
4055,24,18746,64,8,2,1,2
10091,60,60230,1067,17,2,1,3
7629,39,22108,31,7,4,2,2
10640,42,44392,211,14,4,2,1
3498,40,55424,877,25,3,1,0
6742,37,17688,11,4,3,1,1
1172,33,92491,2034,25,2,0,3
569,25,90273,1991,19,1,0,0
4686,54,82571,1686,24,1,0,0
1381,34,38513,324,17,2,1,2
2634,37,16653,69,9,2,1,2
10905,61,42586,252,16,4,2,2
1744,51,23529,54,5,2,1,1
3828,65,71107,1327,28,3,1,3
8605,52,46910,68,7,4,2,2
4351,61,37244,55,5,3,2,1
10129,50,82427,1456,21,2,0,0
2499,58,75342,563,18,2,1,0
10092,62,70044,1504,26,2,1,0
5796,53,77437,1125,23,2,0,3
10556,57,54984,358,17,3,1,1
1064,45,42403,42,5,3,1,2
48,52,55761,184,10,3,1,1
7610,33,37292,460,19,3,1,0
263,71,45576,145,8,1,0,2
10814,69,70321,1376,25,2,0,0
9710,47,58086,792,23,2,1,3
9292,64,81795,1382,23,2,0,3
10250,69,28389,28,4,2,0,2
5847,47,69901,882,23,2,1,3
737,67,80360,2231,15,2,0,3
3878,36,31859,48,5,2,1,2
5092,67,51569,467,19,2,1,0
5394,37,16014,38,10,3,2,2
3798,48,41120,81,9,4,2,1
3524,45,39763,167,10,2,1,2
5247,61,38725,45,7,4,2,1
5883,44,77981,664,21,3,1,3
2118,52,62905,622,20,3,1,3
8812,37,13533,48,7,2,1,2
6616,41,59481,461,16,3,1,2
2797,39,72117,1073,26,3,1,0
4328,30,21955,55,8,3,1,1
9167,60,67131,976,26,3,1,3
10560,36,36802,20,5,2,1,2
5534,41,47808,224,10,3,1,2
5093,42,25509,101,9,2,1,2
8584,64,85431,1165,17,2,0,3
2694,49,42664,24,5,3,1,2
164,39,28973,269,13,2,0,1
10477,43,39435,102,7,3,1,2
2681,32,65370,461,19,2,0,0
5150,37,20194,47,7,2,1,1
5283,40,42473,144,10,3,2,1
9645,48,64590,1338,24,2,0,3
10678,57,71232,917,25,3,1,3
7261,45,34600,318,17,4,2,2
9648,49,46904,253,14,3,2,2
2870,43,49094,502,20,3,1,0
8008,33,36075,119,7,3,1,1
1513,37,60839,1250,29,4,2,3
7960,54,82122,1382,26,2,0,3
9905,64,34074,255,14,4,2,1
10691,56,28520,43,5,4,2,1
7002,61,62535,398,14,2,1,2
2952,39,36273,76,8,2,1,1
8439,52,63404,902,15,4,2,3
2831,40,78416,1179,26,3,1,3
6977,42,75702,1921,29,3,1,3
6289,65,59385,185,10,4,2,1
8397,65,44689,34,6,4,2,1
6237,50,7144,416,25,3,2,3
1619,60,90369,1588,17,2,0,0
1990,42,63159,1797,17,1,0,3
269,53,46757,1143,21,2,1,3
8093,47,79734,914,14,2,0,3
10513,24,63207,1502,12,2,0,3
10177,62,72071,1338,20,2,1,0
2549,33,21840,27,5,3,1,1
5782,34,58582,763,22,3,1,0
10057,65,72282,1331,22,1,0,3
10307,60,50387,525,19,4,2,3
8566,55,32583,9,4,4,2,2
2415,54,62568,953,16,3,1,3
5684,45,44635,68,7,3,2,2
9166,48,63967,882,23,3,1,3
1440,38,52513,1149,25,2,0,3
78,47,25293,37,5,3,1,1
5441,51,54111,388,15,2,1,1
5302,30,78394,1428,16,2,0,0
4687,58,80739,1633,24,2,0,3
1087,41,22669,173,10,3,1,2
6859,29,29236,99,9,2,1,2
9860,57,44911,215,12,3,1,2
7129,54,54693,929,31,3,1,3
5866,42,48186,219,12,3,1,2
7393,38,41580,92,9,4,2,2
7849,46,80336,1052,25,2,0,0
332,59,47743,275,14,3,1,1
531,62,57333,1662,33,2,1,3
9576,34,32313,159,11,3,1,1
6906,63,84953,1024,18,1,0,3
7419,48,27071,35,7,2,1,1
3170,59,68148,1042,15,2,0,3
8527,51,65735,395,19,4,2,0
7872,41,86836,557,23,2,0,0
9931,53,4023,9,15,4,2,2
10595,26,30093,69,6,2,0,2
4609,50,57705,486,18,3,1,0
5010,28,25008,34,6,2,1,1
4427,21,83257,1365,28,1,0,3
11148,41,22280,13,4,3,1,1
1168,38,72159,1401,21,2,0,3
9595,55,64260,1574,14,2,0,0
10163,32,82733,1323,20,1,0,0
2886,45,74290,1217,32,2,1,3
6710,65,58217,103,7,4,3,1
5316,40,21024,84,7,2,0,1
9029,44,70116,1536,23,2,0,3
521,31,54006,581,18,3,1,0
1459,50,69063,928,14,3,1,0
10241,41,11448,14,4,1,0,2
3254,45,70886,960,14,3,1,3
3678,43,60208,656,29,3,2,0
4227,48,32889,55,9,4,2,1
9467,32,34738,20,5,2,1,1
8486,45,30538,367,17,3,1,2
2186,39,82326,2257,22,2,0,0
3286,49,26642,42,7,2,1,1
8602,52,69932,1049,26,2,1,3
3722,44,44503,48,7,3,2,1
6715,68,60200,685,25,2,1,0
4796,64,49638,39,5,2,1,1
9612,29,23830,43,5,1,0,2
3766,57,33051,835,21,1,0,0
1399,58,72905,1515,20,2,0,3
1570,65,69702,1039,26,3,1,0
3426,41,70300,1596,26,2,1,3
3074,32,70643,1828,18,2,0,3
8341,47,30396,34,6,3,1,2
5180,48,50616,149,10,2,1,1
6461,47,62772,946,23,2,1,3
7679,31,30298,28,6,1,0,2
10702,32,52413,450,17,2,1,1
7505,59,44155,46,5,4,2,2
5113,45,86979,1702,16,1,0,3
10858,41,76532,820,25,4,2,0
2961,34,42081,382,15,3,1,1
3010,27,88420,2069,20,2,0,3
5790,31,31158,72,7,3,1,1
6892,48,61671,732,28,2,1,0
1743,42,69719,801,11,1,0,1
3578,67,49160,236,12,2,1,2
5558,62,90933,1685,15,1,0,3
4619,71,113734,277,27,1,0,0
10779,33,22148,49,5,1,0,2
5896,29,73395,397,15,2,0,1
2337,45,29819,39,9,2,1,1
10951,48,45688,306,14,3,1,2
17,45,60491,1028,28,3,1,3
10680,30,33235,70,7,3,1,1
3265,57,35701,46,5,2,0,2
5623,36,31535,51,5,3,1,1
5832,56,92556,1263,21,2,0,0
5544,46,67384,1490,22,2,1,0
5831,49,77870,1815,18,3,1,3
10176,48,57107,416,23,2,1,0
4385,35,36038,47,8,2,1,1
10686,51,34230,21,4,4,2,1
2546,39,31878,70,6,2,1,2
3283,44,70932,909,22,3,1,3
3138,60,91249,1676,22,1,0,3
4994,73,77598,1735,26,1,0,3
7966,57,80982,1191,30,3,2,0
3112,39,22701,24,5,3,1,2
2181,46,70617,1280,14,2,0,0
1867,59,64849,1336,19,1,0,0
1518,51,62694,749,24,4,2,0
5734,42,61917,91,7,4,2,1
2878,69,67472,414,15,3,1,1
1458,34,21059,44,9,3,1,2
7007,48,29543,63,8,4,2,2
6200,65,75903,901,23,3,1,3
1403,41,34984,38,6,4,2,2
4827,60,54998,455,20,2,1,0
6250,67,54356,775,24,2,1,3
9291,57,34242,15,4,3,1,2
2478,43,25410,38,6,3,1,2
1139,32,73356,1512,22,2,0,3
5138,66,28320,43,5,3,1,1
5393,39,23763,42,5,2,1,1
10413,32,72570,1089,23,2,0,3
5015,40,34529,162,9,3,1,1
10868,65,70792,1272,19,1,0,3
10676,34,63211,1173,20,2,0,0
2495,42,83891,816,22,3,1,0
7842,48,36065,74,9,3,2,1
6663,76,51141,157,9,1,0,1
2162,40,56939,561,18,3,1,0
3434,65,80872,1336,19,1,0,3
7919,40,72335,2092,23,2,0,0
5626,52,61798,463,16,1,0,2
6428,66,76842,1130,17,1,0,0
8514,40,29478,20,5,3,1,1
10448,60,46998,377,18,2,1,1
2109,26,96843,1544,28,1,0,3
8925,51,70053,1012,26,3,1,0
3009,54,71670,1766,15,1,0,0
6355,38,44359,45,9,4,2,2
3517,64,40887,161,10,3,2,2
1158,50,48877,144,8,2,1,2
6203,69,74485,1734,26,2,0,3
7165,44,64474,823,22,3,1,3
3595,53,77226,1138,28,3,1,0
8537,67,72643,1429,21,1,0,3
4331,38,85738,1371,21,2,0,0
6281,50,55686,982,16,2,1,0
4338,33,39062,44,5,2,1,2
9507,41,40794,434,16,3,1,2
10311,47,4428,359,25,3,1,0
5117,53,32632,576,18,2,0,0
4867,48,38236,88,11,3,2,2
9289,37,36781,63,6,3,1,2
10913,32,31385,27,4,2,1,1
3032,32,24570,193,11,3,1,1
3334,65,94642,2211,21,2,0,0
4470,54,58646,140,8,3,1,2
1406,41,53201,415,22,3,2,0
10821,38,57113,263,16,4,2,2
4552,25,51373,393,12,2,0,2
898,30,23477,147,10,3,1,2
9797,60,58116,443,16,3,1,2
10949,53,72968,1958,19,1,0,0
8212,45,39791,174,10,3,1,1
6248,69,91712,2217,27,1,0,3
10164,58,94472,1691,16,2,1,3
4547,56,13672,25,6,4,2,1
6815,36,96547,809,21,2,0,0
4122,41,79205,895,16,2,0,3
10841,41,56559,484,18,3,1,0
5370,43,32644,413,18,3,1,0
176,36,67506,331,12,2,1,1
4860,46,24206,25,5,2,1,1
10757,49,28420,13,4,2,1,2
4023,46,22979,115,10,3,1,2
6679,50,33279,16,4,1,0,2
7181,39,30368,52,7,3,1,1
3599,46,63684,1464,23,3,1,3
405,52,41638,441,17,2,1,1
6870,57,68805,283,12,2,1,1
832,50,65814,747,23,3,1,3
2002,58,71964,1870,17,1,0,3
3657,30,39146,165,11,2,1,2
500,39,96876,1941,24,2,0,3
1951,35,34445,839,27,2,0,3
3262,58,68281,1655,25,1,0,0
7042,33,36790,66,6,2,0,2
10598,49,27943,37,8,4,2,1
255,65,22263,21,6,3,2,2
2375,44,30261,22,4,5,3,1
9829,38,28587,78,9,3,1,2
6214,34,43815,79,6,3,1,1
4954,60,48195,265,17,4,2,1
7861,64,77027,1175,19,3,1,0
4837,51,71322,1305,28,3,1,3
9423,37,32765,46,8,3,1,2
153,63,23272,46,5,1,0,2
9323,67,49912,874,26,3,1,0
10001,31,7500,100,10,3,1,1
3945,69,68117,930,25,2,1,3
3799,61,67225,868,23,3,1,0
8625,40,17649,45,9,3,1,1
3491,41,55914,1260,29,3,1,0
983,32,40059,414,12,3,1,1
9119,66,60905,392,15,3,1,2
4786,39,75330,1109,29,4,2,3
5872,65,60689,639,22,2,1,0
6568,32,38680,79,6,3,1,1
5628,34,61416,1665,24,2,0,0
5631,25,49767,692,18,1,0,3
4974,46,83273,1392,29,4,3,3
8416,35,29009,44,7,3,1,2
5454,37,45057,50,6,3,1,1
4095,45,37150,467,21,3,1,3
5474,46,43020,223,12,2,1,1
4268,57,53154,158,9,3,1,1
10701,43,65308,1211,28,2,0,3
3507,46,76467,1575,14,2,1,0
2079,69,81044,1208,22,2,0,0
626,65,32871,43,5,4,2,2
4426,41,55801,527,21,3,2,0
2591,57,76320,932,15,2,1,3
10509,61,36927,71,8,3,2,2
6382,63,48794,54,5,4,2,1
6673,51,23478,129,7,1,0,1
7441,43,71128,1615,27,2,1,3
10061,66,59462,1088,25,3,1,0
7187,47,54357,721,25,4,2,3
1612,35,31708,47,8,2,1,1
322,38,42554,41,7,4,2,1
123,65,67046,993,15,2,1,3
6103,68,42192,100,7,2,0,2
7899,64,77610,1680,17,3,1,3
10500,32,31761,98,9,3,1,1
1655,37,34350,48,5,3,1,1
2406,67,54591,519,19,3,1,3
2712,60,71866,715,20,3,1,3
2254,33,69520,1455,21,2,0,3
10281,46,64713,602,19,2,1,0
6958,39,27889,26,5,3,1,2
954,56,22123,102,7,1,0,1
5079,45,51655,97,10,4,2,1
10339,62,57082,207,11,3,1,1
4643,43,27803,176,9,3,1,2
3117,61,62308,450,15,2,1,1
6497,56,51651,433,17,3,1,2
5250,73,61353,1564,22,1,0,3
2802,24,87000,961,18,2,0,3
6343,57,79823,1518,23,3,1,0
6507,36,30828,56,8,2,1,2
7901,45,34109,22,4,3,1,2
4865,42,53367,400,21,3,2,0
2686,47,22390,26,4,2,0,2
3107,40,71322,350,13,3,1,2
7734,23,79244,1216,22,1,0,3
11031,66,48699,40,5,4,2,1
7428,41,80144,1367,19,2,0,0
975,60,54252,264,15,3,2,2
1103,40,81929,2053,20,3,1,3
3422,41,76068,1376,10,3,1,3
1055,40,53204,45,5,4,2,2
1241,32,14796,51,6,3,1,2
2909,42,78128,1264,20,3,1,3
5802,44,14188,75,7,2,0,2
340,46,72967,497,19,2,1,0
5991,67,48150,266,13,3,1,2
3104,55,82332,2006,21,1,0,3
9729,61,58275,615,23,3,2,0
1008,35,44953,1021,24,2,0,0
11091,63,34587,22,6,4,2,1
3969,42,43018,133,7,3,1,2
1916,62,45736,437,19,3,1,3
9907,47,66476,1013,26,3,1,3
87,35,27733,57,7,3,1,2
8659,64,69805,1038,27,3,1,3
6262,54,72217,1573,22,1,0,3
6147,45,25818,28,4,2,1,1
8832,40,37509,123,9,3,1,2
10067,40,25176,13,4,4,2,1
7532,36,43586,132,10,3,1,2
4915,60,53230,732,23,3,1,3
2115,59,50116,66,7,4,2,1
6292,30,82333,1822,18,2,0,3
1631,51,65220,1282,23,2,0,0
10104,42,33590,8,4,5,3,1
3919,40,72309,1931,20,1,0,3
11181,67,156924,8,0,2,0,1
642,36,16005,103,8,3,1,1
4369,59,65487,1169,17,1,0,3
10127,51,58692,395,15,3,1,2
271,47,40590,258,15,3,2,2
2948,62,62637,185,10,2,1,1
2715,50,29435,180,11,3,2,2
10432,42,19346,22,5,2,1,2
9216,45,35788,44,7,4,2,2
7124,48,36997,94,12,3,2,1
9727,59,23539,81,7,2,0,2
5136,43,65333,798,28,2,1,3
9790,59,78499,1334,19,1,0,0
1818,45,29732,38,5,3,1,2
1100,56,41275,61,11,5,3,2
7873,43,63516,300,16,4,2,2
10609,54,42769,88,8,3,1,2
6950,58,49572,54,7,4,2,2
7233,44,69209,1782,16,2,0,0
9481,40,17148,68,11,3,1,1
8933,33,32146,66,8,3,1,2
8726,52,41713,174,13,3,2,1
1515,41,34176,28,5,3,1,2
5186,61,58482,731,22,3,1,3
10157,51,59686,274,12,2,1,1
5667,52,60896,1701,26,3,1,3
902,36,62994,312,13,3,1,1
977,59,47320,414,20,3,1,0
7313,67,74859,1565,23,1,0,3
7600,24,15253,29,6,2,1,2
9706,42,31560,94,8,2,1,1
3520,26,91172,1092,14,1,0,3
10394,32,90000,1479,18,2,0,3
4548,35,41967,54,5,3,2,1
9362,51,69263,568,18,2,1,0
3968,46,65706,1199,27,1,0,3
4084,41,60934,873,23,3,1,0
6721,65,71965,1213,17,3,1,0
2829,61,65210,731,22,3,1,0
1772,41,79174,2043,19,2,0,0
1544,49,81380,1893,17,1,0,3
492,43,48432,424,19,2,1,0
4377,45,52914,575,15,3,1,2
1321,42,26067,56,9,3,1,2
8858,44,44325,542,21,3,1,3
11187,38,26487,69,9,2,1,2
8207,59,53233,40,5,3,1,2
9723,56,67716,1016,28,3,1,0
2666,44,76234,907,23,3,1,0
5721,60,84117,1566,24,2,0,3
10652,59,65487,1169,17,2,0,3
1646,44,25224,46,7,3,1,2
4418,33,89616,1644,25,1,0,0
2656,45,40851,59,5,3,2,1
7990,69,27469,17,4,2,0,2
7118,59,73803,1528,22,3,1,3
2980,64,8820,35,10,3,2,1
1839,42,43322,141,8,1,0,2
10722,43,55593,546,17,3,1,3
2632,62,50501,500,20,4,2,0
9014,41,37085,61,10,4,2,1
7620,26,16185,106,8,2,1,1
10968,47,57731,704,26,2,1,0
2736,38,73807,849,23,3,1,3
5959,48,35893,199,15,3,2,1
1092,36,61014,1147,20,3,1,0
4333,62,32144,54,10,4,2,1
3850,53,14918,43,5,3,1,1
6168,53,45146,53,6,3,2,2
607,61,41769,521,22,2,1,0
10469,35,88325,1623,18,2,0,0
6983,66,38054,45,7,3,2,2
3661,21,80617,1435,19,1,0,0
9303,40,5305,32,1,3,1,2
692,62,36807,16,4,4,2,1
9246,31,40101,415,17,3,1,1
6261,37,58025,470,18,3,1,3
10659,37,7500,53,11,3,1,2
1448,53,33562,51,9,5,3,2
4286,46,57642,679,22,2,1,0
4478,37,63777,653,26,4,2,3
4201,54,57967,468,19,2,1,0
8720,38,34506,1679,1,2,0,1
10084,44,24434,50,7,4,2,2
7004,32,11012,84,9,2,1,1
9817,46,44802,1049,27,1,0,3
8080,30,26816,22,4,1,0,2
9432,39,666666,62,11,3,1,2
10870,49,61223,1341,18,3,1,0
7270,35,56981,1241,19,1,0,3
8235,60,69245,843,23,3,1,0
9405,62,52869,172,11,4,2,2
